over,runs_in_over,wickets_in_over,cumulative_runs,cumulative_wickets,overs_remaining,run_rate,momentum,batsman_sr,bowler_economy,phase_Powerplay,phase_Middle,phase_Death
0,17,0,17,0,19,17.0,0.0,135.316797909456,7.096153846153846,True,False,False
1,24,0,41,0,18,20.5,0.0,135.316797909456,7.687975646879757,True,False,False
2,3,2,44,2,17,14.666666666666666,0.0,134.88108341277749,8.08695652173913,True,False,False
3,14,0,58,2,16,14.5,-1.0,124.41108138648062,8.452380952380953,True,False,False
4,10,1,68,3,15,13.6,-1.833333333333334,126.72518887477696,7.882075471698113,True,False,False
5,15,1,83,4,14,13.833333333333334,-6.1,129.384914705574,7.687975646879757,True,False,False
