over,runs_in_over,wickets_in_over,cumulative_runs,cumulative_wickets,overs_remaining,run_rate,momentum,batsman_sr,bowler_economy,phase_Powerplay,phase_Middle,phase_Death
0,11,2,11,2,19,11.0,0.0,130.0778358564213,7.687975646879757,True,False,False
1,10,1,21,3,18,10.5,0.0,107.27247744280528,9.831858407079647,True,False,False
2,6,0,27,3,17,9.0,0.0,97.83257661748013,6.958333333333333,True,False,False
3,14,0,41,3,16,10.25,-1.5,97.83257661748013,8.729064039408867,True,False,False
4,5,0,46,3,15,9.2,-0.75,97.83257661748013,6.958333333333333,True,False,False
5,2,0,48,3,14,8.0,-0.8666666666666654,97.83257661748013,8.069444444444445,True,False,False
