over,runs_in_over,wickets_in_over,cumulative_runs,cumulative_wickets,overs_remaining,run_rate,momentum,batsman_sr,bowler_economy,phase_Powerplay,phase_Middle,phase_Death
0,6,1,6,1,19,6.0,0.0,124.79051987787132,7.714285714285714,True,False,False
1,15,0,21,1,18,10.5,0.0,130.0918463530105,8.432642487046632,True,False,False
2,23,0,44,1,17,14.666666666666666,0.0,130.0918463530105,7.714285714285714,True,False,False
3,4,1,48,2,16,12.0,-0.5,110.80197164274773,8.432642487046632,True,False,False
4,5,0,53,2,15,10.6,1.5,103.12681791739382,8.961832061068701,True,False,False
5,15,0,68,2,14,11.333333333333334,-0.43333333333333357,103.12681791739382,8.432642487046632,True,False,False
