over,runs_in_over,wickets_in_over,cumulative_runs,cumulative_wickets,overs_remaining,run_rate,momentum,batsman_sr,bowler_economy,phase_Powerplay,phase_Middle,phase_Death
0,19,0,19,0,19,19.0,0.0,122.81982796912884,8.246913580246913,True,False,False
1,19,1,38,1,18,19.0,0.0,120.75512418799144,9.05,True,False,False
2,7,0,45,1,17,15.0,0.0,121.73715408750621,8.246913580246913,True,False,False
3,14,1,59,2,16,14.75,-0.5,121.63222819479309,7.9,True,False,False
4,14,0,73,2,15,14.6,-2.416666666666666,119.02404651754175,9.05,True,False,False
5,14,0,87,2,14,14.5,-3.4333333333333336,119.02404651754175,8.071428571428571,True,False,False
6,10,0,97,2,13,13.857142857142858,-1.0,119.02404651754175,8.246913580246913,False,True,False
7,1,0,98,2,12,12.25,-1.1904761904761916,119.02404651754175,7.9,False,True,False
