over,runs_in_over,wickets_in_over,cumulative_runs,cumulative_wickets,overs_remaining,run_rate,momentum,batsman_sr,bowler_economy,phase_Powerplay,phase_Middle,phase_Death
0,2,0,2,0,19,2.0,0.0,135.90878768041395,8.823170731707316,True,False,False
1,8,0,10,0,18,5.0,0.0,135.90878768041395,8.217821782178218,True,False,False
2,13,0,23,0,17,7.666666666666667,0.0,135.90878768041395,8.823170731707316,True,False,False
3,10,0,33,0,16,8.25,0.0,135.90878768041395,8.217821782178218,True,False,False
4,9,0,42,0,15,8.4,2.083333333333334,135.90878768041395,8.78415300546448,True,False,False
5,14,0,56,0,14,9.333333333333334,2.2666666666666657,135.90878768041395,8.217821782178218,True,False,False
6,7,0,63,0,13,9.0,1.666666666666666,135.90878768041395,8.23913043478261,False,True,False
7,9,1,72,1,12,9.0,1.0,135.77757562532648,8.78415300546448,False,True,False
