over,runs_in_over,wickets_in_over,cumulative_runs,cumulative_wickets,overs_remaining,run_rate,momentum,batsman_sr,bowler_economy,phase_Powerplay,phase_Middle,phase_Death
0,5,0,5,0,19,5.0,0.0,115.62279983332616,7.714285714285714,True,False,False
1,13,0,18,0,18,9.0,0.0,115.62279983332616,8.432642487046632,True,False,False
2,9,0,27,0,17,9.0,0.0,115.62279983332616,7.714285714285714,True,False,False
3,3,0,30,0,16,7.5,0.0,115.62279983332616,8.432642487046632,True,False,False
4,6,0,36,0,15,7.2,0.8333333333333339,115.62279983332616,8.24705882352941,True,False,False
5,7,0,43,0,14,7.166666666666667,-1.2000000000000002,115.62279983332616,8.961832061068701,True,False,False
6,4,0,47,0,13,6.714285714285714,-1.833333333333334,115.62279983332616,8.24705882352941,False,True,False
7,8,0,55,0,12,6.875,-1.0476190476190474,115.62279983332616,8.961832061068701,False,True,False
